Statistic,Engine Size
count,201.0
mean,0.24858725241715948
std,0.15678050735488525
min,0.0
25%,0.1396226415094339
50%,0.2226415094339622
75%,0.3018867924528302
max,1.0
